subject,date,time,recipients,opened,open_rate,clicked,click_rate,click_to_open_rate,unsubscribed,unsub_rate,public,url
Does your first year of engineering even matter?,2026-06-02,16:00:11,1382,380,27.5,14,1.01,3.68,8,0.58,true,https://app.kit.com/publications/20960349/reports/overview
The terrifying reality of corporate tech,2026-05-26,19:04:19,1301,359,27.59,19,1.46,5.29,5,0.38,true,https://app.kit.com/publications/20890257/reports/overview
Resending: Book Your Call with Aleks,2026-05-26,18:23:28,10,1,10.0,0,0.0,0.0,0,0.0,false,https://app.kit.com/publications/20890188/reports/overview
Book Your Call with Aleks,2026-05-24,17:36:18,36,26,72.22,11,30.56,42.31,0,0.0,false,https://app.kit.com/publications/20839832/reports/overview
How to be ahead of the game as a young engineer ?,2026-05-21,14:33:40,1250,345,27.6,13,1.04,3.77,5,0.4,true,https://app.kit.com/publications/20820737/reports/overview
Did You Pick the Wrong Engineering Degree?,2026-05-12,13:15:08,1135,500,44.05,23,2.03,4.6,4,0.35,true,https://app.kit.com/publications/20661204/reports/overview
 Book Your Call with Aleks,2026-05-03,21:28:12,17,13,76.47,8,47.06,61.54,0,0.0,false,https://app.kit.com/publications/20561252/reports/overview
I’m Not the Engineer I Thought I Was,2026-05-03,16:14:30,1023,314,30.69,12,1.17,3.82,7,0.68,true,https://app.kit.com/publications/20549009/reports/overview
The 4 types of engineers (Which one are you?),2026-04-25,11:09:18,978,429,43.87,30,3.07,6.99,16,1.64,true,https://app.kit.com/publications/20437393/reports/overview
